{"cameraMode":{"drawMode":0,"name":"Shaded","section":"Shading Mode"},"sceneLighting":true,"audioPlay":false,"sceneViewState":{"showFog":true,"showMaterialUpdate":false,"showSkybox":true,"showFlares":true,"showImageEffects":true,"showParticleSystems":true},"in2DMode":false,"pivot":{"x":5.956696510314941,"y":79.4723892211914,"z":33.555702209472659},"rotation":{"x":-0.07162255048751831,"y":0.013460124842822552,"z":0.000966530351433903,"w":0.9973440766334534},"size":0.4698970913887024,"orthographic":false}